,reward,evals,speed_of_group0
0,0.9377664586792618,9,1.1635871162623852
1,0.9320542216680971,9,1.1635871162623852
2,0.9324844951243042,9,1.1635871162623852
3,0.9340010325407182,9,1.1635871162623852
4,0.9342698113755555,9,1.1635871162623852
5,0.9134578685899373,8,1.0962498988860896
6,0.9388272852076827,9,1.1635871162623852
7,0.9337573874356548,9,1.1635871162623852
8,0.9303970668327701,12,1.1582001388722816
9,0.9383318372424424,11,1.1582001388722813
